电影下载链接,电影名称
ed2k://|file|%E8%B0%8D%E6%88%98%E9%A3%8E%E4%BA%91.720p.BD%E4%B8%AD%E5%AD%97[].mp4|962954706|A930A4F452EC4959269CEA3C43B2E6FB|h=HFFEV5BXAKBDU2COLYSLQ25HULEVV7YW|/,谍战风云.720p.BD中字[].mp4 (918.35 MB)
ed2k://|file|%E5%B0%BD%E7%AE%A1%E4%BD%A0%E4%B8%8D%E6%83%B3%E8%A6%81.720p.BD%E4%B8%AD%E5%AD%97[].mp4|1184801349|8E8A89D59E7BAC6187D74C89C7CD0B75|h=7DRMQIMRQFZKBCRAHVRVO4KHHYVZ6DRR|/,尽管你不想要.720p.BD中字[].mp4 (1.1 GB)
ed2k://|file|%E9%99%8C%E8%B7%AF%E5%BE%92%E8%80%85.2019.1080p.HD%E5%9B%BD%E8%AF%AD%E4%B8%AD%E5%AD%97.mkv|2277636955|C1ACCA3DCA241772E32C1F9997EBAF6C|h=FE4FCUSWE4VHUPY6ZIIONCFTHWJM6NIB|/,陌路徒者.2019.1080p.HD国语中字.mkv (2.12 GB)
ed2k://|file|%E7%94%B7%E5%AD%90%E5%95%A6%E5%95%A6%E9%98%9F%EF%BC%81%EF%BC%81.720p.HD%E4%B8%AD%E5%AD%97[].mp4|2142273163|5504DD87B45B66507CCD6BB6765A7B5E|h=IN5C2RPKPHQFASH4WRV7EPL2B2TDA2RZ|/,男子啦啦队！！.720p.HD中字[].mp4 (2 GB)
ed2k://|file|%E5%90%8C%E5%B1%85%E7%89%A9%E8%AF%AD.720p.HD%E4%B8%AD%E8%8B%B1%E5%8F%8C%E5%AD%97.mp4|1331909720|825C91A7B562E8E176ECEA9C7F6EC8A7|h=OC6DU7HC526FIVHFEAYZHPCVROHIVJIG|/,同居物语.720p.HD中英双字.mp4 (1.24 GB)
ed2k://|file|%E5%A5%BD%E5%B0%8F%E5%AD%90%E4%BB%AC.720p.HD%E4%B8%AD%E8%8B%B1%E5%8F%8C%E5%AD%97.mp4|814912333|1441149BCA2D8CB6EE8D59B9BD753FDC|h=BBMGRDD6DACKOOA2OO72UK5F7OBB5CH5|/,好小子们.720p.HD中英双字.mp4 (777.16 MB)
ed2k://|file|%E9%B2%A8%E6%B5%B747%EF%BC%9A%E7%8C%9B%E9%B2%A8%E5%87%BA%E7%AC%BC.720p.HD%E4%B8%AD%E8%8B%B1%E5%8F%8C%E5%AD%97.mp4|947341224|76BEEE3E0546F956342483FBD067B619|h=QW7IG2DXJL5EKXJ4CLG6AWU47E4OF4YQ|/,鲨海47：猛鲨出笼.720p.HD中英双字.mp4 (903.45 MB)
ed2k://|file|%E5%8A%A8%E7%89%A9%E6%9C%AC%E8%83%BD.720p.BD%E4%B8%AD%E8%8B%B1%E5%8F%8C%E5%AD%97[].mp4|1058683715|AB0BED810E946F3CFE046645396B733F|h=VNXJ6BXMEZQ2JP7L35BNLPJW3RWOMSMH|/,动物本能.720p.BD中英双字[].mp4 (1009.64 MB)
ed2k://|file|%E6%9C%80%E6%BC%AB%E9%95%BF%E7%9A%84%E5%A4%9C%E6%99%9A.720p.BD%E4%B8%AD%E5%AD%97.mp4|522976925|3B60FBAC51C79D62321F1AF2C6137567|h=QN5LUOQTEPL6ZW2INECLMNVE2FYQMDZP|/,最漫长的夜晚.720p.BD中字.mp4 (498.75 MB)
ed2k://|file|%E6%84%A4%E6%80%92%E7%9A%84%E5%B0%8F%E9%B8%9F2.1080p.%E5%9B%BD%E8%8B%B1%E5%8F%8C%E8%AF%AD.BD%E4%B8%AD%E8%8B%B1%E5%8F%8C%E5%AD%97[].mp4|4390273680|AF6B35AF6F0D65F50839C5AB6081F6AC|h=DZCJKNT63FAKGEDPHUVEDKSDJWQH6TCZ|/,愤怒的小鸟2.1080p.国英双语.BD中英双字[].mp4 (4.09 GB)
ed2k://|file|%E6%84%A4%E6%80%92%E7%9A%84%E5%B0%8F%E9%B8%9F2.720p.%E5%9B%BD%E8%8B%B1%E5%8F%8C%E8%AF%AD.BD%E4%B8%AD%E8%8B%B1%E5%8F%8C%E5%AD%97[].mp4|2265153231|50D8D7BF63D926F4139C22F944516BD4|h=3HMQ6MVBDO4TNZPKEE2QKX5W3BKKJMSL|/,愤怒的小鸟2.720p.国英双语.BD中英双字[].mp4 (2.11 GB)
ed2k://|file|%E8%AF%9B%E4%BB%99%E2%85%A0.4K.HD%E5%9B%BD%E8%AF%AD%E4%B8%AD%E5%AD%97.mp4|5179965043|E97DD906920B1F9F4ED4F84FA304FD3D|h=CD7CEX52PHMCXSPEZOU2U4K4ZX343J2C|/,诛仙Ⅰ.4K.HD国语中字.mp4 (4.82 GB)
ed2k://|file|%E5%9C%B0%E7%8B%B1%E5%8E%A8%E6%88%BF.1080p.BD%E4%B8%AD%E8%8B%B1%E5%8F%8C%E5%AD%97[].mp4|2303323416|C13D150E31EB14849757452A044442A9|h=O2QJKCZK75OITDGSO3G5WBVLMNNJEASO|/,地狱厨房.1080p.BD中英双字[].mp4 (2.15 GB)
ed2k://|file|%E6%84%A4%E6%80%92%E7%9A%84%E5%B0%8F%E9%B8%9F2.1080p.BD%E4%B8%AD%E8%8B%B1%E5%8F%8C%E5%AD%97[].mp4|4249519319|F366246C8422E59EF4DFCB210304992D|h=XKZQ57SBBG2PNMHQ4BHXVQY65N4EIGTJ|/,愤怒的小鸟2.1080p.BD中英双字[].mp4 (3.96 GB)
ed2k://|file|%E6%84%A4%E6%80%92%E7%9A%84%E5%B0%8F%E9%B8%9F2.720p.BD%E4%B8%AD%E8%8B%B1%E5%8F%8C%E5%AD%97[].mp4|2124550774|5D5955E66A5BCFD70762BDE4DF42230B|h=JZYMG6I44KAGSJDICWG4JSOOV3VBAKXD|/,愤怒的小鸟2.720p.BD中英双字[].mp4 (1.98 GB)
ed2k://|file|sd%E4%B8%8E%E6%BF%80%E6%83%85%EF%BC%9A%E7%89%B9%E5%88%AB%E8%A1%8C%E5%8A%A8.1080p.BD%E4%B8%AD%E8%8B%B1%E5%8F%8C%E5%AD%97[].mp4|2664930798|8FF1A41C20D3640DD37FE15E7F100CB6|h=PXMKXZ6RK7JJYSYSQNRB4IZWWUERSCOV|/,sd与激情：特别行动.1080p.BD中英双字[].mp4 (2.48 GB)
ed2k://|file|sd%E4%B8%8E%E6%BF%80%E6%83%85%EF%BC%9A%E7%89%B9%E5%88%AB%E8%A1%8C%E5%8A%A8.720p.BD%E4%B8%AD%E8%8B%B1%E5%8F%8C%E5%AD%97[].mp4|2117865282|A35F6FE197FBC7B237C70696CD58BCDB|h=MI2O46KMB66IP2CQYFFGGVUU3KKD32CV|/,sd与激情：特别行动.720p.BD中英双字[].mp4 (1.97 GB)
ed2k://|file|%E5%93%8D%E5%B0%BE%E8%9B%87.720p.HD%E4%B8%AD%E8%8B%B1%E5%8F%8C%E5%AD%97.mp4|392503853|88FAB2CE3A2087D0D54EAFD842998C7F|h=4SUZE3A3YV4I6F2HZSQ3ZAKJSE2ZB5R6|/,响尾蛇.720p.HD中英双字.mp4 (374.32 MB)
ed2k://|file|%E5%B0%8FQHD1080P%E9%AB%98%E6%B8%85%E5%9B%BD%E7%B2%A4%E5%8F%8C%E8%AF%AD%E4%B8%AD%E5%AD%97.mkv|2990783168|7CAB7FF385590546803ACC361547C3EE|h=N6QY7IZV2KQTHHK6RHL5UZCLZEO3B4UY|/,小QHD1080P高清国粤双语中字.mkv (2.79 GB)
ed2k://|file|%E5%8F%B6%E9%97%AE%E4%B9%8B%E4%B9%9D%E9%BE%99%E5%9F%8E%E5%AF%A8HD1080P%E9%AB%98%E6%B8%85%E5%9B%BD%E8%AF%AD%E4%B8%AD%E5%AD%97.mp4|2081353879|40008027F8547B1459C4B3487DBABB2A|h=GPHC7QME7LOAKFLDYGNKXRH4LBLWJVW7|/,叶问之九龙城寨HD1080P高清国语中字.mp4 (1.94 GB)
ed2k://|file|%E5%8F%B6%E9%97%AE%E4%B9%8B%E4%B9%9D%E9%BE%99%E5%9F%8E%E5%AF%A8.2019.1080p.HD%E5%9B%BD%E8%AF%AD%E4%B8%AD%E5%AD%97.mp4|870286779|3D3333FF0471B7C1ACD117F91FA4100C|h=LV4AK3KAJUGXOR6WNLMSEZXSZOW7YSW3|/,叶问之九龙城寨.2019.1080p.HD国语中字.mp4 (829.97 MB)
ed2k://|file|%E5%8A%9F%E5%A4%AB%E5%B0%8F%E9%95%87.1080p.HD%E5%9B%BD%E8%AF%AD%E4%B8%AD%E5%AD%97.mp4|1755425105|7A05DF35A5A2CD8C800E4749E8E59487|h=ANFUMA3NOSKDJ5X3ZKMLF3MWGJQPOFCK|/,功夫小镇.1080p.HD国语中字.mp4 (1.63 GB)
ed2k://|file|%E5%85%84%E5%BC%9F%E7%9A%84%E9%9B%80%E5%B7%A2.1080p.BD%E4%B8%AD%E8%8B%B1%E5%8F%8C%E5%AD%97[].mkv|1910592413|10C90275187C1564F9568E31C2539CF8|h=3CHD6AJT6GG3D5DOWJBKFFDAWMHEKUVR|/,兄弟的雀巢.1080p.BD中英双字[].mkv (1.78 GB)
ed2k://|file|%E6%89%AB%E6%AF%922%E5%A4%A9%E5%9C%B0%E5%AF%B9%E5%86%B3.1080p.%E5%9B%BD%E7%B2%A4%E5%8F%8C%E8%AF%AD.BD%E4%B8%AD%E5%AD%97[].mp4|2004566717|01B68AAC414E87EEF7A452E45658FFC5|h=PO6SDJ7X7BFM6ZWSOYQZLVMN7DHTVLCI|/,扫毒2天地对决.1080p.国粤双语.BD中字[].mp4 (1.87 GB)
ed2k://|file|%E6%97%A0%E7%95%8F%EF%BC%9A%E4%B8%AD%E9%80%94%E5%B2%9B%E4%B9%8B%E6%88%98.720p.BD%E4%B8%AD%E8%8B%B1%E5%8F%8C%E5%AD%97[].mp4|1620063407|8846374CEA6DA40ECB37EE357125B72C|h=JHUYHDPNTTNWZUAJSLLJEOMGOGLXSA4H|/,无畏：中途岛之战.720p.BD中英双字[].mp4 (1.51 GB)
ed2k://|file|%E6%92%92%E6%97%A6%E7%9A%84%E6%81%90%E6%85%8C.720p.BD%E4%B8%AD%E8%8B%B1%E5%8F%8C%E5%AD%97[].mp4|1213679359|2E16ECCD5D0113B31813AEDF418A6C25|h=GFLPAXXOD677MXSXKUNTV7AFSD3CIIMT|/,撒旦的恐慌.720p.BD中英双字[].mp4 (1.13 GB)
ed2k://|file|%E8%87%B4%E5%91%BD%E7%8B%99%E6%9D%80.2019.1080p.HD%E5%9B%BD%E8%AF%AD%E4%B8%AD%E5%AD%97.mp4|1050819222|7EF09A8813AFDEE6C763F05380C14670|h=3XD7M5AOEMXKGAOM5NDSJYWV5ILBSUSA|/,致命狙杀.2019.1080p.HD国语中字.mp4 (1002.14 MB)
ed2k://|file|%E9%99%8D%E9%BE%99%E8%A7%89%E9%86%92.2019.1080p.HD%E5%9B%BD%E8%AF%AD%E4%B8%AD%E5%AD%97.mp4|1122744696|1F38CE948BD4832FA810109296205639|h=JU5YG46SST6SMW2GFIPZQVXUZ7EUPYOV|/,降龙觉醒.2019.1080p.HD国语中字.mp4 (1.05 GB)
ed2k://|file|%E6%9D%80%E6%88%AE%E9%83%A8%E9%98%9F.720p.HD%E4%B8%AD%E8%8B%B1%E5%8F%8C%E5%AD%97[].mp4|948869273|06FA2F4FC99A4EBD75DA8E415BD50B1B|h=5H3MWTNLDN2GXJNSRY57P6SYIR2QGL6I|/,杀戮部队.720p.HD中英双字[].mp4 (904.91 MB)
ed2k://|file|%E7%8C%AB%E4%B8%8E%E6%A1%83%E8%8A%B1%E6%BA%90.1080p.%E5%9B%BD%E7%B2%A4%E8%8B%B1%E4%B8%89%E8%AF%AD.BD%E4%B8%AD%E5%AD%97[].mp4|1800696317|B1DC2ED7CF467D1FF72739D8AA3D8E69|h=ITO5FQZS4GC7GBOEM7BAZOYT27O4NXPV|/,猫与桃花源.1080p.国粤英三语.BD中字[].mp4 (1.68 GB)
ed2k://|file|%E5%9B%9B%E7%9B%AE%E5%A4%A7%E5%B8%88.1080p.HD%E5%9B%BD%E8%AF%AD%E4%B8%AD%E5%AD%97.mp4|1566965382|0350A9CF6F7A5E79483977B77245BD62|h=BKA3DITSG2IFZHRAKLA44TYC5VFLUQL3|/,四目大师.1080p.HD国语中字.mp4 (1.46 GB)
ed2k://|file|%E6%A8%AA%E8%A1%8C%E9%9C%B8%E9%81%93.1080p.HD%E5%9B%BD%E8%AF%AD%E4%B8%AD%E5%AD%97.mp4|1998310166|E5F74F69ED2293A8EA0E9CD5959AA50F|h=EIA6INMOCLUJEVUQFFWKUIXJ5BMT6UF3|/,横行霸道.1080p.HD国语中字.mp4 (1.86 GB)
ed2k://|file|%E6%84%A4%E6%80%92%E7%9A%84%E5%B0%8F%E9%B8%9F2.720p.HD%E4%B8%AD%E8%8B%B1%E5%8F%8C%E5%AD%97[].mp4|2008604368|48A8DC81B4F69BC6CBF06DE1E95EFCA4|h=DB4IOREPZIABQX7FMJCV2QWSSXUOQPFV|/,愤怒的小鸟2.720p.HD中英双字[].mp4 (1.87 GB)
